stt,con_vat_en,con_vat_es,tieng_keu_en,tieng_keu_es,tu_khoa_clip_envato,tu_khoa_am_thanh,do_dai_clip_toi_thieu_giay,chu_hien_tren_man_hinh
0,farm (mở đầu),granja,,,"farm morning sunrise barn aerial",,15,"Welcome to the farm! / ¡Bienvenidos a la granja!"
1,cow,vaca,Moo,Muu,"cow grazing close up; cow pasture",cow moo,25,"Cow / Vaca"
2,pig,cerdo,Oink,Oink,"pig farm close up; pig mud",pig oink,25,"Pig / Cerdo"
3,sheep,oveja,Baa,Bee,"sheep field; sheep close up",sheep baa,25,"Sheep / Oveja"
4,horse,caballo,Neigh,Relincho,"horse pasture; horse close up",horse neigh,25,"Horse / Caballo"
5,dog,perro,Woof,Guau,"friendly dog farm; dog running",dog bark woof,25,"Dog / Perro"
6,cat,gato,Meow,Miau,"cat sitting window; cat close up",cat meow,25,"Cat / Gato"
7,rooster,gallo,Cock-a-doodle-doo,Quiquiriquí,"rooster crowing morning; rooster close up",rooster crow,25,"Rooster / Gallo"
8,duck,pato,Quack,Cuac,"duck pond swimming; duck close up",duck quack,25,"Duck / Pato"
9,ôn lại,repaso,,,"montage 8 farm animals",,24,"Great job! / ¡Buen trabajo!"
